{"count":1,"self":11.907767999999999,"total":12.043331799999999,"children":{"AgentSendState":{"count":383,"self":0.0109491,"total":0.0148498,"children":{"CollectObservations":{"count":1232,"self":0.0029611999999999998,"total":0.0029611999999999998,"children":null},"CollectDiscreteActionMasks":{"count":1232,"self":0.00093949999999999991,"total":0.00093949999999999991,"children":null}}},"DecideAction":{"count":383,"self":0.11368879999999999,"total":0.11368879999999999,"children":null},"AgentAct":{"count":383,"self":0.0060317,"total":0.0060317,"children":null}},"gauges":{"PlayerAvoidance.CumulativeReward":{"count":32,"max":0.5500002,"min":-0.9499998,"runningAverage":-0.856562257,"value":0.5400002,"weightedAverage":-0.5737413}},"metadata":{"timer_format_version":"0.1.0","start_time_seconds":"1603127649","unity_version":"2019.4.10f1","command_line_arguments":"C:\\Program Files\\Unity\\Hub\\Editor\\2019.4.10f1\\Editor\\Unity.exe -projectpath D:\/Unity-Projects\/AI-demo-1\/ML-Agents-Avoider -useHub -hubIPC -cloudEnvironment production -hubSessionId 01866ac0-1159-11eb-94fa-5b746a95348f -accessToken 81TDlRm1Ud8ihprQu24p7TqpA9hX7gOaEcfUCIpezBU008f","communication_protocol_version":"1.0.0","com.unity.ml-agents_version":"1.0.5","scene_name":"AvoidanceScene","end_time_seconds":"1603127661"}}